1,Alappuzha,Alappuzha,Municipality,9.490871182,76.33832638,1,TRUE
1,Alappuzha,Chengannur,Municipality,9.322164461,76.61247238,2,
1,Alappuzha,Cherthala,Municipality,9.670833743,76.33942801,3,
1,Alappuzha,Kayamkulam,Municipality,9.174231472,76.50724393,4,
1,Alappuzha,Mavelikkara,Taluk,9.23790379747826,76.5344707261141,5,
1,Alappuzha,Kuttanad (Ho: Mankombu),Taluk,9.440346204,76.42407411,6,
1,Alappuzha,Arookutty,Panchyath,9.86035886,76.32753269,7,
1,Alappuzha,Aarattupuzha,Panchyath,9.209346533,76.43236986,8,
1,Alappuzha,Ala,Panchyath,9.286821387,76.60941984,9,
1,Alappuzha,Ambalappuzha North,Panchyath,9.406300824,76.35115364,10,
1,Alappuzha,Ambalappuzha South,Panchyath,9.3782564,76.3618668,11,
1,Alappuzha,Aroor,Panchyath,9.870159323,76.30492416,12,
1,Alappuzha,Aryad,Panchyath,9.544185797,76.34832705,13,
1,Alappuzha,Bharanikkavu,Panchyath,9.174667477,76.54219238,14,
1,Alappuzha,Budhannur,Panchyath,9.306962649,76.56224006,15,
1,Alappuzha,Champakkulam,Panchyath,9.40689516,76.40497673,16,
1,Alappuzha,Chennam Pallippuram,Panchyath,9.755921297,76.35714713,17,
1,Alappuzha,Chennithala Thripperuthura,Panchyath,9.289639883,76.51934614,18,
1,Alappuzha,Cheppad,Panchyath,9.236915392,76.47291557,19,
1,Alappuzha,Cheriyanad,Panchyath,9.276913795,76.58430087,20,
1,Alappuzha,Cherthala South,Panchyath,9.651599617,76.31361377,21,
1,Alappuzha,Cheruthana,Panchyath,9.325248389,76.44389269,22,
1,Alappuzha,Chettikulangara,Panchyath,9.226156564,76.51638694,23,
1,Alappuzha,Chingoli,Panchyath,9.248562163,76.45160976,24,
1,Alappuzha,Chunakkara,Panchyath,9.197913308,76.59809566,25,
1,Alappuzha,Devikulangara,Panchyath,9.148163301,76.49690083,26,
1,Alappuzha,Edathua,Panchyath,9.366122384,76.46635947,27,
1,Alappuzha,Ezhupunna,Panchyath,9.822212557,76.31136102,28,
1,Alappuzha,Haripad,Panchyath,9.282758541,76.45063881,29,
1,Alappuzha,Kadakkarapally,Panchyath,9.696926647,76.30131284,30,
1,Alappuzha,Kainakary,Panchyath,9.513650505,76.39257352,31,
1,Alappuzha,Kandalloor,Panchyath,9.179809075,76.46388555,32,
1,Alappuzha,Kanjikkuzhy,Panchyath,9.617462225,76.33541087,33,
1,Alappuzha,Karthikapally,Panchyath,9.25889183,76.45104647,34,
1,Alappuzha,Karuvatta,Panchyath,9.309712087,76.42952426,35,
1,Alappuzha,Kavalam,Panchyath,9.482883483,76.45834184,36,
1,Alappuzha,Kodamthuruth,Panchyath,9.797080705,76.30210654,37,
1,Alappuzha,Krishnapuram,Panchyath,9.150991637,76.52819212,38,
1,Alappuzha,Kumarapuram,Panchyath,9.276563241,76.4259532,39,
1,Alappuzha,Kuthiathode,Panchyath,9.792718212,76.31652476,40,
1,Alappuzha,Mannanchery,Panchyath,9.565232236,76.34629115,41,
1,Alappuzha,Mannar,Panchyath,9.316831291,76.53477429,42,
1,Alappuzha,Mararikkulam North,Panchyath,9.629974176,76.3049978,43,
1,Alappuzha,Mararikkulam South,Panchyath,9.601511239,76.31444689,44,
1,Alappuzha,Mavelikkara -Thamarakkulam,Panchyath,9.145386056,76.61459786,45,
1,Alappuzha,Mavelikkara Thekkekkara,Panchyath,9.218267174,76.55102583,46,
1,Alappuzha,Muhamma,Panchyath,9.603171496,76.35897132,47,
1,Alappuzha,Mulakkuzha,Panchyath,9.292204262,76.64647205,48,
1,Alappuzha,Muthukulam,Panchyath,9.214584306,76.45810609,49,
1,Alappuzha,Muttar‍,Panchyath,9.396670331,76.49365591,50,
1,Alappuzha,Nedumudi,Panchyath,9.442139617,76.39836778,51,
1,Alappuzha,Neelamperoor,Panchyath,9.497360478,76.50634282,52,
1,Alappuzha,Nooranad,Panchyath,9.162757622,76.64436899,53,
1,Alappuzha,Palamel‍,Panchyath,9.187968731,76.65628356,54,
1,Alappuzha,Pallippad,Panchyath,9.283976841,76.49122402,55,
1,Alappuzha,Panavally,Panchyath,9.819223721,76.34086057,56,
1,Alappuzha,Pandanad,Panchyath,9.326485493,76.57783986,57,
1,Alappuzha,Pathiyoor‍,Panchyath,9.215325451,76.49672978,58,
1,Alappuzha,Pattanakkad,Panchyath,9.729577421,76.31880279,59,
1,Alappuzha,Perumbalam,Panchyath,9.848537138,76.36031452,60,
1,Alappuzha,Pulincunnu,Panchyath,9.457171678,76.43483952,61,
1,Alappuzha,Puliyur‍,Panchyath,9.302092338,76.58689495,62,
1,Alappuzha,Punnapra North,Panchyath,9.456720618,76.33340314,63,
1,Alappuzha,Punnapra South,Panchyath,9.432518345,76.34534536,64,
1,Alappuzha,Purakkad,Panchyath,9.340023038,76.37529293,65,
1,Alappuzha,Ramankary,Panchyath,9.428921299,76.46534264,66,
1,Alappuzha,Thakazhy,Panchyath,9.370341141,76.41113519,67,
1,Alappuzha,Thalavady,Panchyath,9.369614401,76.5002274,68,
1,Alappuzha,Thanneermukkam,Panchyath,9.664151144,76.38392664,69,
1,Alappuzha,Thazhakkara,Panchyath,9.251194354,76.56583395,70,
1,Alappuzha,Thiruvanvandoor‍,Panchyath,9.344271575,76.57940626,71,
1,Alappuzha,Thrikkunnappuzha,Panchyath,9.286402713,76.40089757,72,
1,Alappuzha,Thuravoor,Panchyath,9.770871287,76.32052245,73,
1,Alappuzha,Thycattussery,Panchyath,9.772134514,76.34374059,74,
1,Alappuzha,Vallikunnam,Panchyath,9.130571294,76.57010745,75,
1,Alappuzha,Vayalar‍,Panchyath,9.713978307,76.3376481,76,
1,Alappuzha,Veeyapuram,Panchyath,9.336670033,76.46718252,77,
1,Alappuzha,Veliyanad,Panchyath,9.442732748,76.4693927,78,
1,Alappuzha,Venmony,Panchyath,9.246837453,76.61596478,79,
2,Ernakulam,Ernakulam,Corporation,9.983469754,76.28232052,80,TRUE
2,Ernakulam,Aluva,Muncipality,10.10029725,76.35713182,81,
2,Ernakulam,Angamaly,Muncipality,10.19299233,76.38685948,82,
2,Ernakulam,Eloor,Muncipality,10.07507241,76.2932253,83,
2,Ernakulam,Kalamassery,Muncipality,10.05497424,76.32192134,84,
2,Ernakulam,Koothattukulam,Muncipality,9.861689649,76.59569807,85,
2,Ernakulam,Kothamangalam,Muncipality,10.06506987,76.61948893,86,
2,Ernakulam,Maradu,Muncipality,9.938571619,76.32701733,87,
2,Ernakulam,Muvattupuzha,Muncipality,9.980257392,76.58018421,88,
2,Ernakulam,Paravur,Muncipality,9.987378,76.57805369,89,
2,Ernakulam,Piravom,Muncipality,9.875798258,76.48771601,90,
2,Ernakulam,Thrikkakara,Muncipality,10.01656829,76.3459799,91,
2,Ernakulam,Trippunithara,Muncipality,9.942213322,76.35049231,92,
2,Ernakulam,Alangad,Panchyath,10.11808432,76.28521887,93,
2,Ernakulam,Amballoor,Panchyath,10.43261026,76.26606318,94,
2,Ernakulam,Arakkuzha,Panchyath,9.978947693,76.5810246,95,
2,Ernakulam,Avoly,Panchyath,9.958736162,76.62478847,96,
2,Ernakulam,Ayavana,Panchyath,9.984153693,76.6381828,97,
2,Ernakulam,Ayyampuzha,Panchyath,10.25307186,76.47665956,98,
2,Ernakulam,Chendamangalam,Panchyath,10.14923995,76.2350433,99,
2,Ernakulam,Chengamanad,Panchyath,10.15356989,76.34027122,100,
2,Ernakulam,Cheranalloor,Panchyath,10.06155346,76.28859222,101,
2,Ernakulam,Chittattukara,Panchyath,10.15246629,76.21417657,102,
2,Ernakulam,Choornikkara,Panchyath,10.08881047,76.34319216,103,
2,Ernakulam,Chottanikara,Panchyath,9.933130093,76.3903266,104,
2,Ernakulam,Edakkattuvayal,Panchyath,9.867241303,76.43766903,105,
2,Ernakulam,Edathala,Panchyath,10.0731012,76.38091772,106,
2,Ernakulam,Elanji,Panchyath,9.830501106,76.5454315,107,
2,Ernakulam,Ezhikkara,Panchyath,10.11498169,76.22743234,108,
2,Ernakulam,Kalady,Panchyath,10.16604945,76.4389324,109,
2,Ernakulam,Kalloorkad,Panchyath,9.943098196,76.64235767,110,
2,Ernakulam,Kanjoor,Panchyath,10.14514363,76.4260697,111,
2,Ernakulam,Karukutty,Panchyath,10.22675485,76.37487644,112,
2,Ernakulam,Karumalloor,Panchyath,10.13034311,76.29327736,113,
2,Ernakulam,Kavalangad,Panchyath,10.05459977,76.69952624,114,
2,Ernakulam,Keerampara,Panchyath,10.09996408,76.65026487,115,
2,Ernakulam,Keezhmad,Panchyath,10.10300612,76.38830422,116,
2,Ernakulam,Kottappady,Panchyath,10.11742357,76.59020711,117,
2,Ernakulam,Kottuvally,Panchyath,10.12152078,76.25486252,118,
2,Ernakulam,Kumbalam,Panchyath,9.895283862,76.31355075,119,
2,Ernakulam,Kunnukara,Panchyath,10.15533965,76.29571836,120,
2,Ernakulam,Kuttampuzha,Panchyath,10.15165446,76.73571065,121,
2,Ernakulam,Maneed,Panchyath,9.905684309,76.45773205,122,
2,Ernakulam,Manjalloor,Panchyath,9.965331826,76.66464691,123,
2,Ernakulam,Manjapra,Panchyath,10.21430739,76.45228754,124,
2,Ernakulam,Marady,Panchyath,9.955870925,76.55994584,125,
2,Ernakulam,Mookkannoor,Panchyath,10.21842593,76.41236045,126,
2,Ernakulam,Mulanthuruthy,Panchyath,9.900942332,76.39050223,127,
2,Ernakulam,Malayattoor Neeleeswaram,Panchyath,10.18578457,76.47557995,128,
2,Ernakulam,Nedumbassery,Panchyath,10.16238098,76.36929897,129,
2,Ernakulam,Nellikkuzhi,Panchyath,10.07759353,76.59028964,130,
2,Ernakulam,Paingottoor,Panchyath,10.0068412,76.71035374,131,
2,Ernakulam,Paipra,Panchyath,10.01982043,76.56166491,132,
2,Ernakulam,Palakuzha,Panchyath,9.881165471,76.605767,133,
2,Ernakulam,Pallarimangalam,Panchyath,10.03038085,76.6821419,134,
2,Ernakulam,Pampakuda,Panchyath,9.91952479,76.52111785,135,
2,Ernakulam,Parakkadavu,Panchyath,10.1881722,76.32815736,136,
2,Ernakulam,Pindimana,Panchyath,10.10496665,76.62414372,137,
2,Ernakulam,Pothanicad,Panchyath,10.00614816,76.68075485,138,
2,Ernakulam,Puthenvelikkara,Panchyath,10.18597528,76.24624249,139,
2,Ernakulam,Ramamangalam,Panchyath,9.942660609,76.48162047,140,
2,Ernakulam,Sreemoolanagaram,Panchyath,10.13582393,76.40672129,141,
2,Ernakulam,Thirumaradi,Panchyath,9.888918423,76.55401644,142,
2,Ernakulam,Thuravoor,Panchyath,9.76848962,76.31823538,143,
2,Ernakulam,Udayamperoor,Panchyath,9.914087224,76.3636545,144,
2,Ernakulam,Vadakkekara,Panchyath,10.16399586,76.20800619,145,
2,Ernakulam,Valakom,Panchyath,9.98109826,76.52039895,146,
2,Ernakulam,Varapetty,Panchyath,10.00850166,76.60552697,147,
2,Ernakulam,Varappuzha,Panchyath,10.07885573,76.27466647,148,
3,Idukki,Idukki,Municipality,9.866600144,76.97337783,149,TRUE
3,Idukki,Thodupuzha,Municipality,9.897722553,76.71542563,150,
3,Idukki,Kattapana,Municipality,9.755851373,77.1154175,151,
3,Idukki,Adimaly,Panchyath,10.01516895,76.9532187,152,
3,Idukki,Alakode,Panchyath,9.882505063,76.76500674,153,
3,Idukki,Arakulam,Panchyath,9.792045866,76.85222983,154,
3,Idukki,Ayyappancoil,Panchyath,9.691354249,77.03837228,155,
3,Idukki,Bisonvalley,Panchyath,10.00636602,77.11009475,156,
3,Idukki,Chakkupallam,Panchyath,9.664658142,77.15808525,157,
3,Idukki,Chinnakanal,Panchyath,10.03729041,77.17798798,158,
3,Idukki,Devikulam,Panchyath,10.05647552,77.11973053,159,
3,Idukki,Edamalakudy,Panchyath,10.19917191,76.95951465,160,
3,Idukki,Edavetty,Panchyath,9.892164241,76.74585477,161,
3,Idukki,Elappara,Panchyath,9.634349114,76.9792579,162,
3,Idukki,Erattayar,Panchyath,9.798827382,77.10659893,163,
3,Idukki,Idukki Kanjikuzhy,Panchyath,9.948872268,76.93117702,164,
3,Idukki,Kamakshy,Panchyath,9.832356536,77.04690996,165,
3,Idukki,Kanchiyar,Panchyath,9.738350267,77.06242115,166,
3,Idukki,Kanthalloor,Panchyath,10.21303192,77.1973818,167,
3,Idukki,Karimannoor,Panchyath,9.917672766,76.78164896,168,
3,Idukki,Karimkunnam,Panchyath,9.8528058,76.68671603,169,
3,Idukki,Karunapuram,Panchyath,9.760431142,77.22057289,170,
3,Idukki,Kodikulam,Panchyath,9.966094474,76.74333567,171,
3,Idukki,Kokkayar,Panchyath,9.57544839,76.89543473,172,
3,Idukki,Konnathady,Panchyath,9.950214825,77.0434085,173,
3,Idukki,Kudayathoor,Panchyath,9.826512072,76.79009775,174,
3,Idukki,Kumaramangalam,Panchyath,9.936088004,76.70826869,175,
3,Idukki,Kumily,Panchyath,9.606159961,77.1667965,176,
3,Idukki,Manakkad,Panchyath,9.906341074,76.65709464,177,
3,Idukki,Mankulam,Panchyath,10.12008983,76.92765768,178,
3,Idukki,Marayoor,Panchyath,10.27625999,77.16206779,179,
3,Idukki,Mariyapuram,Panchyath,9.857821477,77.01322131,180,
3,Idukki,Munnar,Panchyath,10.08425112,77.06379145,181,
3,Idukki,Muttom,Panchyath,9.840776222,76.74207685,182,
3,Idukki,Nedumkandam,Panchyath,9.838034691,77.15436688,183,
3,Idukki,Pallivasal,Panchyath,10.041597,77.03591013,184,
3,Idukki,Pampadumpara,Panchyath,9.795217531,77.15920855,185,
3,Idukki,Peermade,Panchyath,9.571677137,76.99534494,186,
3,Idukki,Peruvanthanam,Panchyath,9.553163355,76.92601187,187,
3,Idukki,Purapuzha,Panchyath,9.869654847,76.66339154,188,
3,Idukki,Rajakad,Panchyath,9.963661618,77.09810299,189,
3,Idukki,Rajakumary,Panchyath,9.977863177,77.15889197,190,
3,Idukki,Santhanpara,Panchyath,9.964813734,77.215873,191,
3,Idukki,Senapathy,Panchyath,9.950199351,77.17981336,192,
3,Idukki,Udumbanchola,Panchyath,9.900037227,77.17754471,193,
3,Idukki,Udumbannoor,Panchyath,9.905516776,76.81478738,194,
3,Idukki,Upputhara,Panchyath,9.699319777,77.02077722,195,
3,Idukki,Vandanmedu,Panchyath,9.723136825,77.15449309,196,
3,Idukki,Vandiperiyar,Panchyath,9.572644079,77.09057352,197,
3,Idukki,Vannappuram,Panchyath,9.993651867,76.78818832,198,
3,Idukki,Vathikudy,Panchyath,9.8988333,77.02788395,199,
3,Idukki,Vattavada,Panchyath,10.18488017,77.25837707,200,
3,Idukki,Vazhathope,Panchyath,9.873206635,76.96143333,201,
3,Idukki,Vellathooval,Panchyath,9.976745438,77.02854823,202,
3,Idukki,Velliyamattom,Panchyath,9.848042401,76.82858796,203,
4,Kannur,Kannur,Corporation,11.87137477,75.36851181,204,TRUE
4,Kannur,Anthoor,Municipality,11.98674339,75.37883113,205,
4,Kannur,Iritty,Municipality,11.98893509,75.67705622,206,
4,Kannur,Koothuparambu,Municipality,11.82972327,75.56515556,207,
4,Kannur,Panoor,Municipality,11.75930018,75.57861544,208,
4,Kannur,Payyannur,Municipality,12.10654728,75.20864097,209,
4,Kannur,Sree Kandapuram,Municipality,12.04524285,75.50733139,210,
4,Kannur,Thalassery,Municipality,11.75322845,75.49423356,211,
4,Kannur,Thaliparambu,Municipality,12.03676255,75.35958721,212,
4,Kannur,Alakkode,Panchyath,12.1913783,75.46718186,213,
4,Kannur,Anjarakkandi,Panchyath,11.88097619,75.50750183,214,
4,Kannur,Aralam,Panchyath,11.96001689,75.72548076,215,
4,Kannur,Ayyankunnu,Panchyath,12.03113073,75.74425796,216,
4,Kannur,Azhikode,Panchyath,11.91887793,75.33598254,217,
4,Kannur,Chapparappadavu,Panchyath,12.12729434,75.4103496,218,
4,Kannur,Chembilode,Panchyath,11.87062177,75.43914627,219,
4,Kannur,Chengalai,Panchyath,12.04266668,75.4910602,220,
4,Kannur,Cherukunnu,Panchyath,11.99594221,75.2965298,221,
4,Kannur,Cherupuzha,Panchyath,12.27261038,75.36220365,222,
4,Kannur,Cheruthazham,Panchyath,12.05868702,75.25385982,223,
4,Kannur,Chirakkal,Panchyath,11.91531378,75.36180435,224,
4,Kannur,Chittariparamba,Panchyath,11.84823762,75.63530275,225,
4,Kannur,Chokli,Panchyath,11.72722004,75.5560932,226,
4,Kannur,Dharmadam,Panchyath,11.7751086,75.46956512,227,
4,Kannur,Eramam-Kuttoor,Panchyath,12.15203648,75.30762463,228,
4,Kannur,Eranholi,Panchyath,11.7672354,75.51444048,229,
4,Kannur,Eruvessi,Panchyath,12.07589765,75.56063691,230,
4,Kannur,Ezhom,Panchyath,12.03821613,75.29280075,231,
4,Kannur,Irikkur,Panchyath,11.98524979,75.55255479,232,
4,Kannur,Kadamboor,Panchyath,11.82231557,75.44854957,233,
4,Kannur,Kadannapally-Panapuzha,Panchyath,12.10493955,75.28681104,234,
4,Kannur,Kadirur,Panchyath,11.78571275,75.5323762,235,
4,Kannur,Kalliasseri,Panchyath,11.96964725,75.36114477,236,
4,Kannur,Kanichar,Panchyath,11.90567664,75.78547773,237,
4,Kannur,Kankol-Alappadamba,Panchyath,12.17943306,75.24571654,238,
4,Kannur,Kannapuram,Panchyath,11.98616977,75.31161205,239,
4,Kannur,Karivlloor-Perlam,Panchyath,12.17359921,75.19432776,240,
4,Kannur,Keezhallur,Panchyath,11.92823209,75.52724035,241,
4,Kannur,Kelakam,Panchyath,11.8955905,75.80941857,242,
4,Kannur,Kolacheri,Panchyath,11.97113236,75.40774743,243,
4,Kannur,Kolayad,Panchyath,11.85335653,75.69900148,244,
4,Kannur,Koodali,Panchyath,11.92288649,75.47695393,245,
4,Kannur,Kottayam,Panchyath,11.82960098,75.55085881,246,
4,Kannur,Kottiyoor,Panchyath,11.87871068,75.85197222,247,
4,Kannur,Kunhimangalam,Panchyath,12.08025377,75.24041529,248,
4,Kannur,Kunnothparamba,Panchyath,11.75559474,75.61336941,249,
4,Kannur,Kurumathoor,Panchyath,12.04042698,75.42575406,250,
4,Kannur,Kuttiattoor,Panchyath,11.96624558,75.49556134,251,
4,Kannur,Madayi,Panchyath,12.02044289,75.24454379,252,
4,Kannur,Malapattam,Panchyath,12.01780314,75.48732373,253,
4,Kannur,Malur,Panchyath,11.89263711,75.62714066,254,
4,Kannur,Mangattidom,Panchyath,11.86172409,75.56242924,255,
4,Kannur,Mattool,Panchyath,11.96544065,75.28911485,256,
4,Kannur,Mayyil,Panchyath,11.99431152,75.44914638,257,
4,Kannur,Mokeri,Panchyath,11.67297972,75.72298352,258,
4,Kannur,Munderi,Panchyath,11.44369353,76.25977451,259,
4,Kannur,Muzhakkunnu,Panchyath,11.93700729,75.7062316,260,
4,Kannur,Muzhappilangad,Panchyath,11.80926829,75.44168825,261,
4,Kannur,Naduvil,Panchyath,12.12152151,75.48373966,262,
4,Kannur,Narath,Panchyath,11.95696271,75.38729622,263,
4,Kannur,New Mahi,Panchyath,11.71062221,75.54421342,264,
4,Kannur,Padiyoor,Panchyath,11.99781292,75.62770483,265,
4,Kannur,Panniannur,Panchyath,11.72806216,75.55420373,266,
4,Kannur,Pappinisseri,Panchyath,11.94026295,75.34710988,267,
4,Kannur,Pariyaram,Panchyath,12.07001805,75.29400488,268,
4,Kannur,Pattiam,Panchyath,11.79747408,75.56314571,269,
4,Kannur,Pattuvam,Panchyath,12.02718915,75.33297817,270,
4,Kannur,Payam,Panchyath,11.97507425,75.70163552,271,
4,Kannur,Payyavoor,Panchyath,12.06148245,75.58057221,272,
4,Kannur,Peralasseri,Panchyath,11.83176511,75.48438312,273,
4,Kannur,Peravoor,Panchyath,11.9019288,75.73100046,274,
4,Kannur,Peringome-Vayakkara,Panchyath,12.22381617,75.31424786,275,
4,Kannur,Pinarayi,Panchyath,11.80907509,75.49455735,276,
4,Kannur,Ramanthali,Panchyath,12.06055264,75.19013435,277,
4,Kannur,Thillankeri,Panchyath,11.92829025,75.66603619,278,
4,Kannur,Thrippangottoor,Panchyath,11.74976509,75.6290869,279,
4,Kannur,Udayagiri,Panchyath,12.23988761,75.48307284,280,
4,Kannur,Ulikkal,Panchyath,12.0406379,75.66480532,281,
4,Kannur,Valapattanam,Panchyath,11.9241924,75.35120678,282,
4,Kannur,Vengad,Panchyath,11.883555,75.53667343,283,
5,Kasaragod,Kasaragod,Municipality,12.50357323,74.99289247,284,TRUE
5,Kasaragod,Kanhangad,Municipality,12.32443646,75.08526073,285,
5,Kasaragod,Nileshwar,Municipality,12.25617546,75.13211873,286,
5,Kasaragod,Ajanur,Panchyath,12.32881539,75.07584605,287,
5,Kasaragod,Badiadka,Panchyath,12.58902313,75.07202265,288,
5,Kasaragod,Balal,Panchyath,12.3889235,75.28347375,289,
5,Kasaragod,Bedadka,Panchyath,12.46019927,75.1688852,290,
5,Kasaragod,Belloor,Panchyath,12.58198937,75.16788813,291,
5,Kasaragod,Chemnad,Panchyath,12.49382297,75.00221222,292,
5,Kasaragod,Chengla,Panchyath,12.50868646,75.05488441,293,
5,Kasaragod,Cheruvathur,Panchyath,12.21648781,75.16247334,294,
5,Kasaragod,Delampady,Panchyath,12.59992174,75.29031285,295,
5,Kasaragod,East Eleri,Panchyath,12.32246368,75.35806118,296,
5,Kasaragod,Enmakaje,Panchyath,12.64335759,75.1064415,297,
5,Kasaragod,Kallar,Panchyath,12.43054219,75.26804338,298,
5,Kasaragod,Karadka,Panchyath,12.54116348,75.1337881,299,
5,Kasaragod,Kodom Belur,Panchyath,12.39126791,75.19331793,300,
5,Kasaragod,Kayyur Cheemeni,Panchyath,12.23833281,75.23235209,301,
5,Kasaragod,Kinanoor Karinthalam,Panchyath,12.28757336,75.24808906,302,
5,Kasaragod,Kumbdaje,Panchyath,12.5926633,75.11828636,303,
5,Kasaragod,Kumbala,Panchyath,12.4773118,75.21127698,304,
5,Kasaragod,Kuttikol,Panchyath,12.47725564,75.21113775,305,
5,Kasaragod,Madhur,Panchyath,12.55536003,75.01054521,306,
5,Kasaragod,Madikai,Panchyath,12.30000063,75.13661563,307,
5,Kasaragod,Mangalpady,Panchyath,12.65810457,74.91902017,308,
5,Kasaragod,Manjeshwar,Panchyath,12.71689414,74.88722836,309,
5,Kasaragod,Meenja,Panchyath,12.71389072,74.95305573,310,
5,Kasaragod,Mogral Puthur,Panchyath,12.55486718,74.96254925,311,
5,Kasaragod,Muliyar,Panchyath,12.50772887,75.0966356,312,
5,Kasaragod,Padne,Panchyath,12.17962864,75.14589773,313,
5,Kasaragod,Paivalike,Panchyath,12.6872537,74.98734057,314,
5,Kasaragod,Pallikkare,Panchyath,12.38173997,75.04975886,315,
5,Kasaragod,Panathady,Panchyath,12.45426686,75.30951301,316,
5,Kasaragod,Pilicode,Panchyath,12.19896746,75.16314397,317,
5,Kasaragod,Pullur Periya,Panchyath,12.41077989,75.09280018,318,
5,Kasaragod,Puthige,Panchyath,12.61616054,75.00905075,319,
5,Kasaragod,Trikaripur,Panchyath,12.14428575,75.17731093,320,
5,Kasaragod,Udma,Panchyath,12.4381562,75.0245407,321,
5,Kasaragod,Valiyaparamba,Panchyath,12.14585163,75.1445733,322,
5,Kasaragod,Vorkady,Panchyath,12.75002374,74.94049334,323,
5,Kasaragod,West Eleri,Panchyath,12.3231522,75.28779623,324,
6,Kollam,Kollam,Corporation,8.890493,76.60588734,325,TRUE
6,Kollam,Karunagappally,Municipality,9.060096547,76.53506528,326,
6,Kollam,Kottarakkara,Municipality,9.00296559,76.78174812,327,
6,Kollam,Paravur,Municipality,8.814404025,76.67081394,328,
6,Kollam,Punalur,Municipality,9.017208408,76.92710612,329,
6,Kollam,Adichanallur,Panchyath,8.880354595,76.71133337,330,
6,Kollam,Alappad,Panchyath,9.076392596,76.49266741,331,
6,Kollam,Alayamon,Panchyath,8.896182658,76.95523626,332,
6,Kollam,Anchal,Panchyath,8.928637803,76.90851501,333,
6,Kollam,Aryancavu,Panchyath,8.977654361,77.15218391,334,
6,Kollam,Chadayamangalam,Panchyath,8.873041602,76.869428,335,
6,Kollam,Chathannur,Panchyath,8.861957771,76.71882717,336,
6,Kollam,Chavara,Panchyath,8.992998449,76.54494955,337,
6,Kollam,Chirakkara,Panchyath,8.844364914,76.7145896,338,
6,Kollam,Chithara,Panchyath,8.815082907,76.96613791,339,
6,Kollam,Clappana,Panchyath,9.104999284,76.49704103,340,
6,Kollam,Edamulakkal,Panchyath,8.911537478,76.869827,341,
6,Kollam,Elamadu,Panchyath,8.902031073,76.83756349,342,
6,Kollam,Elampalloor,Panchyath,8.955958238,76.67062281,343,
6,Kollam,Yeroor,Panchyath,8.934099011,76.94669181,344,
6,Kollam,Ezhukone,Panchyath,8.986579797,76.71986904,345,
6,Kollam,Ittiva,Panchyath,8.864372318,76.92375368,346,
6,Kollam,Kadakkal,Panchyath,8.829956835,76.92305815,347,
6,Kollam,Kalluvathukkal,Panchyath,8.82841484,76.74776313,348,
6,Kollam,Karavaloor,Panchyath,8.980321978,76.92698833,349,
6,Kollam,Kareepra,Panchyath,8.948205421,76.72367232,350,
6,Kollam,Kizhakkekallada,Panchyath,9.01184516,76.6507682,351,
6,Kollam,Kottamkara,Panchyath,8.93082694,76.67683762,352,
6,Kollam,Kulakkada,Panchyath,9.080611886,76.7528271,353,
6,Kollam,Kulasekharapuram,Panchyath,9.087740902,76.51495155,354,
6,Kollam,Kummil,Panchyath,8.798218751,76.92643923,355,
6,Kollam,Kundara,Panchyath,8.959980993,76.67804653,356,
6,Kollam,Kunnathor,Panchyath,9.065540332,76.68066585,357,
6,Kollam,Kulathupuzha,Panchyath,8.909266769,77.05566678,358,
6,Kollam,Mayyanad,Panchyath,8.850097148,76.64701123,359,
6,Kollam,Melila,Panchyath,9.007126515,76.82897746,360,
6,Kollam,Mundrothuruthu,Panchyath,8.992454976,76.61109917,361,
6,Kollam,Mylom,Panchyath,9.02784802,76.78563589,362,
6,Kollam,Mynagappally,Panchyath,9.040738914,76.58142499,363,
6,Kollam,Nedumpana,Panchyath,8.909864401,76.69297104,364,
6,Kollam,Neduvathoor,Panchyath,9.007183428,76.74158087,365,
6,Kollam,Neendakara,Panchyath,8.947773906,76.54091592,366,
6,Kollam,Nilamel,Panchyath,8.823920297,76.88260718,367,
6,Kollam,Oachira,Panchyath,9.12532463,76.50915104,368,
6,Kollam,Panayam,Panchyath,8.958782579,76.61524192,369,
6,Kollam,Panmana,Panchyath,9.007317582,76.54127211,370,
6,Kollam,Pathanapuram,Panchyath,9.092694991,76.86799433,371,
6,Kollam,Pattazhi,Panchyath,9.071923576,76.79687963,372,
6,Kollam,Pattazhi Vadakkekkara,Panchyath,9.095193514,76.80896564,373,
6,Kollam,Pavithreswaram,Panchyath,9.024216782,76.70410214,374,
6,Kollam,Perayam,Panchyath,8.709717741,77.00098783,375,
6,Kollam,Perinad,Panchyath,8.942990749,76.60316232,376,
6,Kollam,Piravanthoor,Panchyath,9.065122528,76.89921133,377,
6,Kollam,Poothakkulam,Panchyath,8.804267273,76.7009212,378,
6,Kollam,Pooyappally,Panchyath,8.907235794,76.76257432,379,
6,Kollam,Poruvazhy,Panchyath,9.082796927,76.65291915,380,
6,Kollam,Sasthamcotta,Panchyath,9.032444878,76.62837029,381,
6,Kollam,Sooranadu North,Panchyath,9.110334131,76.62244202,382,
6,Kollam,Sooranadu South,Panchyath,9.085090341,76.61569703,383,
6,Kollam,Thalavoor,Panchyath,9.042288892,76.82986006,384,
6,Kollam,Thazhava,Panchyath,9.098029788,76.55361586,385,
6,Kollam,Thekkumbhagom,Panchyath,8.966210336,76.56300604,386,
6,Kollam,Thenmala,Panchyath,8.963735853,77.06428522,387,
6,Kollam,Thevalkkara,Panchyath,9.003450029,76.57653679,388,
6,Kollam,Thodiyoor,Panchyath,9.07660201,76.56687527,389,
6,Kollam,Thrikkadavur,Panchyath,8.918049206,76.59690747,390,
6,Kollam,Thrikkaruva,Panchyath,8.945149107,76.59407257,391,
6,Kollam,Thrikkovilvattom,Panchyath,8.907422619,76.6695488,392,
6,Kollam,Ummannur,Panchyath,8.937813597,76.8185519,393,
6,Kollam,Velinallur,Panchyath,8.867807394,76.78345725,394,
6,Kollam,Veliyam,Panchyath,8.914538654,76.76636695,395,
6,Kollam,Vettikkavala,Panchyath,8.996614046,76.82976684,396,
6,Kollam,Vilakkudy,Panchyath,9.035531351,76.87575209,397,
6,Kollam,West Kallada,Panchyath,9.011627824,76.61021944,398,
7,Kottayam,Kottayam,Municipality,9.591915868,76.52179359,399,TRUE
7,Kottayam,Palai,Municipality,9.71369681,76.68851831,400,
7,Kottayam,Vaikom,Municipality,9.728909341,76.39738314,401,
7,Kottayam,Changanacherry,Municipality,9.43858608956337,76.5463372822889,402,
7,Kottayam,Ettumanoor,Municipality,9.67394481,76.55855571,403,
7,Kottayam,Erattupetta,Municipality,9.688278323,76.78418727,404,
7,Kottayam,Akalakkunnam,Panchyath,9.640569333,76.65221721,405,
7,Kottayam,Arpookkara,Panchyath,9.63225123,76.51250473,406,
7,Kottayam,Athirampuzha,Panchyath,9.668396215,76.53042849,407,
7,Kottayam,Ayarkunnam,Panchyath,9.63562109,76.60639527,408,
7,Kottayam,Aymanam,Panchyath,9.613437406,76.49211509,409,
7,Kottayam,Bharananganam,Panchyath,9.699901796,76.72491539,410,
7,Kottayam,Chempu,Panchyath,9.811852713,76.39242409,411,
7,Kottayam,Chirakkadavu,Panchyath,9.541990991,76.76877583,412,
7,Kottayam,Elikkulam,Panchyath,9.599494693,76.7319161,413,
7,Kottayam,Erumely,Panchyath,9.478905268,76.84158266,414,
7,Kottayam,Kadanadu,Panchyath,9.77854973,76.70222989,415,
7,Kottayam,Kadaplamattom,Panchyath,9.714798294,76.60952873,416,
7,Kottayam,Kaduthuruthy,Panchyath,9.768631894,76.48947029,417,
7,Kottayam,Kallara,Panchyath,9.706904143,76.47821573,418,
7,Kottayam,Kanakkary,Panchyath,9.702195473,76.54776537,419,
7,Kottayam,Kangazha,Panchyath,9.514710976,76.68848347,420,
7,Kottayam,Kanjirappally,Panchyath,9.557923909,76.78831944,421,
7,Kottayam,Karoor,Panchyath,9.73712186,76.66986827,422,
7,Kottayam,Karukachal,Panchyath,9.503242687,76.625143,423,
7,Kottayam,Kidangoor,Panchyath,9.683129191,76.60895394,424,
7,Kottayam,Kooroppada,Panchyath,9.597645273,76.64707946,425,
7,Kottayam,Koottickal,Panchyath,9.583665009,76.88462014,426,
7,Kottayam,Koruthodu,Panchyath,9.481698016,76.95892792,427,
7,Kottayam,Kozhuvanal,Panchyath,9.652771132,76.665237,428,
7,Kottayam,Kumarakom,Panchyath,9.614403757,76.43415581,429,
7,Kottayam,Kuravilangadu,Panchyath,9.757687912,76.56132795,430,
7,Kottayam,Kurichy,Panchyath,9.499894416,76.53063129,431,
7,Kottayam,Madappally,Panchyath,9.46575443539037,76.5885926783347,432,
7,Kottayam,Manarcadu,Panchyath,9.595642193,76.58767105,433,
7,Kottayam,Manimala,Panchyath,9.495275631,76.74619672,434,
7,Kottayam,Manjoor,Panchyath,9.734836814,76.51453836,435,
7,Kottayam,Marangattupally,Panchyath,9.762485392,76.60049882,436,
7,Kottayam,Maravanthuruthu,Panchyath,9.796252474,76.39966483,437,
7,Kottayam,Meenachil,Panchyath,9.683102797,76.72260204,438,
7,Kottayam,Meenadom,Panchyath,9.550857542,76.61517617,439,
7,Kottayam,Melukavu,Panchyath,9.79805632,76.76616306,440,
7,Kottayam,Monnilavu,Panchyath,9.747268169,76.78634404,441,
7,Kottayam,Mulakkulam,Panchyath,9.855247535,76.50054926,442,
7,Kottayam,Mundakkayam,Panchyath,9.547216877,76.88738806,443,
7,Kottayam,Mutholy,Panchyath,9.696323992,76.65591094,444,
7,Kottayam,Nedumkunnam,Panchyath,9.507402337,76.66178223,445,
7,Kottayam,Neendoor,Panchyath,9.686932925,76.50505536,446,
7,Kottayam,Njeezhoor,Panchyath,9.791067983,76.52473213,447,
7,Kottayam,Paippadu,Panchyath,9.424634635,76.58482055,448,
7,Kottayam,Pallickathodu,Panchyath,9.604224463,76.68202801,449,
7,Kottayam,Pampady,Panchyath,9.568050487,76.64223359,450,
7,Kottayam,Panachicadu,Panchyath,9.536806645,76.5496252,451,
7,Kottayam,Parathodu,Panchyath,9.939494615,77.03102057,452,
7,Kottayam,Poonjar,Panchyath,9.672231611,76.80972191,453,
7,Kottayam,Poonjar Thekkekkara,Panchyath,9.649476906,76.83269018,454,
7,Kottayam,Puthuppally,Panchyath,9.559913087,76.57221775,455,
7,Kottayam,Ramapuram,Panchyath,9.800286947,76.66143896,456,
7,Kottayam,T.V. Puram,Panchyath,9.711960618,76.39214804,457,
7,Kottayam,Thalappalam,Panchyath,9.707428315,76.77124859,458,
7,Kottayam,Thalayazham,Panchyath,9.708969423,76.41819388,459,
7,Kottayam,Thalanadu,Panchyath,9.734746794,76.80064931,460,
7,Kottayam,Thalayolapparambu,Panchyath,9.78510179,76.44909288,461,
7,Kottayam,Teekoy,Panchyath,9.698622067,76.81478319,462,
7,Kottayam,Thidanadu,Panchyath,9.658670442,76.77679447,463,
7,Kottayam,Thiruvarppu,Panchyath,9.5637118,76.47782033,464,
7,Kottayam,Thrikkodithanam,Panchyath,9.44856465,76.57903272,465,
7,Kottayam,Udayanapuram,Panchyath,9.771781795,76.41507252,466,
7,Kottayam,Uzhavoor,Panchyath,9.786912569,76.61053051,467,
7,Kottayam,Vakathanam,Panchyath,9.515644991,76.57206772,468,
7,Kottayam,Vazhappally,Panchyath,9.456205416,76.52687788,469,
7,Kottayam,Vazhoor,Panchyath,9.563177244,76.69954979,470,
7,Kottayam,Vechoor,Panchyath,9.670431368,76.44149688,471,
7,Kottayam,Veliyanoor,Panchyath,9.836016642,76.60831424,472,
7,Kottayam,Vellavoor,Panchyath,9.476915734,76.72310828,473,
7,Kottayam,Velloor,Panchyath,9.82319397,76.4563504,474,
7,Kottayam,Vijayapuram,Panchyath,9.591232651,76.56450525,475,
8,Kozhikode,Kozhikode,Corporation,11.26492306,75.81151268,476,TRUE
8,Kozhikode,Feroke,Municipality,11.16965642,75.84121269,477,
8,Kozhikode,Koduvally,Municipality,11.35923276,75.91150404,478,
8,Kozhikode,Koyilandy,Municipality,11.32083373,75.99719348,479,
8,Kozhikode,Mukkam,Municipality,11.51565152,75.62024055,480,
8,Kozhikode,Payyoli,Municipality,11.51564443,75.6202814,481,
8,Kozhikode,Ramanattukara,Municipality,11.18947613,75.8698031,482,
8,Kozhikode,Vadakara,Municipality,11.60158594,75.591897,483,
8,Kozhikode,Azhiyur,Panchyath,11.68815061,75.54291824,484,
8,Kozhikode,Chorode,Panchyath,11.63175504,75.60154984,485,
8,Kozhikode,Eramala,Panchyath,11.67732102,75.59515533,486,
8,Kozhikode,Onchiyam,Panchyath,11.65899043,75.57672986,487,
8,Kozhikode,Chekkiad,Panchyath,11.72899887,75.63845426,488,
8,Kozhikode,Edacherry,Panchyath,11.66174012,75.61519946,489,
8,Kozhikode,Puramery,Panchyath,11.67161729,75.63489598,490,
8,Kozhikode,Thuneri,Panchyath,11.70803039,75.6333899,491,
8,Kozhikode,Valayam,Panchyath,11.72142663,75.66963234,492,
8,Kozhikode,Vanimel,Panchyath,11.71932308,75.69889942,493,
8,Kozhikode,Kunnummal,Panchyath,11.67705298,75.70015231,494,
8,Kozhikode,Nadapuram,Panchyath,11.68467411,75.65384323,495,
8,Kozhikode,Kayakkodi,Panchyath,11.6677285,75.75338119,496,
8,Kozhikode,Kavilumpara,Panchyath,11.70043649,75.79902128,497,
8,Kozhikode,Kuttaidy,Panchyath,11.65418423,75.75372879,498,
8,Kozhikode,Maruthomkara,Panchyath,11.64081348,75.80369011,499,
8,Kozhikode,Velom,Panchyath,11.62127444,75.70728988,500,
8,Kozhikode,Narippatta,Panchyath,11.6991396,75.6923026,501,
8,Kozhikode,Ayancherry,Panchyath,11.62615347,75.67498734,502,
8,Kozhikode,Villiappally,Panchyath,11.62551059,75.62936006,503,
8,Kozhikode,Maniyur,Panchyath,11.54975004,75.63012572,504,
8,Kozhikode,Thiruvallur,Panchyath,11.59157707,75.67274445,505,
8,Kozhikode,Thurayur,Panchyath,11.52668943,75.65607637,506,
8,Kozhikode,Keezhariyur,Panchyath,11.49908592,75.69306989,507,
8,Kozhikode,Thikkodi,Panchyath,11.49566223,75.62724169,508,
8,Kozhikode,Meppayur,Panchyath,11.53147997,75.71167717,509,
8,Kozhikode,Cheruvannur,Panchyath,11.56357828,75.7088638,510,
8,Kozhikode,Nochad,Panchyath,11.51999928,75.77248362,511,
8,Kozhikode,Changaroth,Panchyath,11.59973179,75.76490674,512,
8,Kozhikode,Kayanna,Panchyath,11.53370925,75.79955438,513,
8,Kozhikode,Koothali,Panchyath,11.58501103,75.76601796,514,
8,Kozhikode,Perambra,Panchyath,11.56032741,75.75791643,515,
8,Kozhikode,Chakkittappara,Panchyath,11.57529067,75.81677863,516,
8,Kozhikode,Balusseri,Panchyath,11.44685263,75.82971262,517,
8,Kozhikode,Naduvannur,Panchyath,11.48605497,75.77521485,518,
8,Kozhikode,Atholi,Panchyath,11.38900968,75.76022837,519,
8,Kozhikode,Ulliyeri,Panchyath,11.45018473,75.77114585,520,
8,Kozhikode,Kottur,Panchyath,11.50023994,75.79345328,521,
8,Kozhikode,Unnikulam,Panchyath,11.44223413,75.88876605,522,
8,Kozhikode,Panangad,Panchyath,11.46126607,75.82068444,523,
8,Kozhikode,Koorachundu,Panchyath,11.53972219,75.84466483,524,
8,Kozhikode,Chemancherry,Panchyath,11.39501639,75.72637374,525,
8,Kozhikode,Arikkulam,Panchyath,11.48600991,75.71422093,526,
8,Kozhikode,Moodadi,Panchyath,11.46928598,75.65691473,527,
8,Kozhikode,Changottukavu,Panchyath,11.42278289,75.7124409,528,
8,Kozhikode,Kakkodi,Panchyath,11.31817231,75.8006097,529,
8,Kozhikode,Chelannur,Panchyath,11.35685034,75.80752548,530,
8,Kozhikode,Kakkur,Panchyath,11.38643729,75.8236607,531,
8,Kozhikode,Nanminda,Panchyath,11.42154667,75.83152119,532,
8,Kozhikode,Narikkuni,Panchyath,11.36692672,75.86270621,533,
8,Kozhikode,Thalakulathur,Panchyath,11.34971092,75.7617655,534,
8,Kozhikode,Thiruvampady,Panchyath,11.36092907,76.00878803,535,
8,Kozhikode,Koodaranji,Panchyath,11.34521892,76.03625461,536,
8,Kozhikode,Kizhakkoth,Panchyath,11.36242941,75.89980939,537,
8,Kozhikode,Madavoor,Panchyath,11.34997099,75.87711121,538,
8,Kozhikode,Puthuppady,Panchyath,11.48030476,75.97431037,539,
8,Kozhikode,Thamarassery,Panchyath,11.41642357,75.93641601,540,
8,Kozhikode,Omassery,Panchyath,11.36604165,75.96263943,541,
8,Kozhikode,Kattippara,Panchyath,11.48557387,75.91503772,542,
8,Kozhikode,Kodiyathur,Panchyath,11.28273914,75.98700763,543,
8,Kozhikode,Kuruvattur,Panchyath,11.32703331,75.83745363,544,
8,Kozhikode,Mavoor,Panchyath,11.25884054,75.78045543,545,
8,Kozhikode,Karasseri,Panchyath,11.31424066,75.99912731,546,
8,Kozhikode,Kunnamangalam,Panchyath,11.3038712,75.87490973,547,
8,Kozhikode,Chathamangalam,Panchyath,11.30833958,75.91058463,548,
8,Kozhikode,Kodencherry,Panchyath,11.43191793,76.00529294,549,
8,Kozhikode,Peruvayal,Panchyath,11.26222592,75.90589174,550,
8,Kozhikode,Perumanna,Panchyath,11.23971527,75.87834169,551,
8,Kozhikode,Kadalundy,Panchyath,11.13721875,75.82645526,552,
8,Kozhikode,Olavanna,Panchyath,11.21283353,75.80585098,553,
9,Malappuram,Malappuram,Municipality,11.05116106,76.07106763,554,TRUE
9,Malappuram,Kondotty,Municipality,11.15016444,75.96661586,555,
9,Malappuram,Kottakkal,Municipality,11.00001318,75.99685691,556,
9,Malappuram,Manjeri,Municipality,11.11498988,76.11976619,557,
9,Malappuram,Nilambur,Municipality,11.28555404,76.23853857,558,
9,Malappuram,Parappanangadi,Municipality,11.04677678,75.86041131,559,
9,Malappuram,Perithalmanna,Municipality,10.97433013,76.23191631,560,
9,Malappuram,Ponnani,Municipality,10.76696138,75.92572522,561,
9,Malappuram,Areacode,Panchyath,11.23242907,76.05172988,562,
9,Malappuram,A.R.Nagar,Panchyath,11.07124553,75.93545152,563,
9,Malappuram,Alamcode,Panchyath,10.75620295,76.02026925,564,
9,Malappuram,Aliparamba,Panchyath,10.92358952,76.26420579,565,
9,Malappuram,Amarambalam,Panchyath,11.24369101,76.30028707,566,
9,Malappuram,Anakkayam,Panchyath,11.08497931,76.11740925,567,
9,Malappuram,Angadipuram,Panchyath,10.97734131,76.20132856,568,
9,Malappuram,Athavanad,Panchyath,10.87572611,76.03372269,569,
9,Malappuram,Chaliyar,Panchyath,11.31406934,76.20650811,570,
9,Malappuram,Cheekkode,Panchyath,11.22925264,75.98994209,571,
9,Malappuram,Chelembra,Panchyath,11.16327598,75.87807111,572,
9,Malappuram,Cheriyamundam,Panchyath,10.94900144,75.94807503,573,
9,Malappuram,Cherukave,Panchyath,11.17057322,75.9120495,574,
9,Malappuram,Chokkad,Panchyath,11.22622219,76.32913734,575,
9,Malappuram,Chungathara,Panchyath,11.33367848,76.27556285,576,
9,Malappuram,Edakkara,Panchyath,11.35616527,76.30368275,577,
9,Malappuram,Edappal,Panchyath,10.7837569,76.00752254,578,
9,Malappuram,Edappatta,Panchyath,11.08159414,76.29248942,579,
9,Malappuram,Edarikkode,Panchyath,10.9949558,75.98055788,580,
9,Malappuram,Edavanna,Panchyath,11.21336372,76.13854774,581,
9,Malappuram,Edayur,Panchyath,10.92110457,76.09786327,582,
9,Malappuram,Elamkulam,Panchyath,10.90807133,76.22885222,583,
9,Malappuram,Irimbiliyam,Panchyath,10.8570722,76.09079163,584,
9,Malappuram,Kaladi,Panchyath,10.81944493,75.99812122,585,
9,Malappuram,Kalikavu,Panchyath,10.77932875,76.52004123,586,
9,Malappuram,Kalpakanchery,Panchyath,10.93987931,75.97619526,587,
9,Malappuram,Kannamangalam,Panchyath,11.07901842,75.9764761,588,
9,Malappuram,Karulai,Panchyath,11.28783416,76.29792057,589,
9,Malappuram,Karuvarkkundu,Panchyath,11.12481578,76.33839355,590,
9,Malappuram,Kavanur,Panchyath,11.19709689,76.06506022,591,
9,Malappuram,Keezhattur,Panchyath,11.05210458,76.25030867,592,
9,Malappuram,Kizhuparamba,Panchyath,11.24903551,76.0228033,593,
9,Malappuram,Kodur,Panchyath,11.02306016,76.06812936,594,
9,Malappuram,Koottilangadi,Panchyath,11.03340693,76.10344379,595,
9,Malappuram,Kuruva,Panchyath,11.01960305,76.11426838,596,
9,Malappuram,Kuttippuram,Panchyath,10.84427026,76.03348318,597,
9,Malappuram,Kuzhimanna,Panchyath,11.17870656,76.00283347,598,
9,Malappuram,Makkaraparamba,Panchyath,11.01255541,76.12314922,599,
9,Malappuram,Mampad,Panchyath,11.24554873,76.17863631,600,
9,Malappuram,Mangalam,Panchyath,10.84870358,75.92286925,601,
9,Malappuram,Mankada,Panchyath,11.01889889,76.17593372,602,
9,Malappuram,Marakkara,Panchyath,10.95113653,76.03455504,603,
9,Malappuram,Maranchery,Panchyath,10.73378978,75.97509097,604,
9,Malappuram,Melattur,Panchyath,11.06234682,76.26980713,605,
9,Malappuram,Moonniyur,Panchyath,11.06918895,75.90152993,606,
9,Malappuram,Moorkanad,Panchyath,11.24070468,76.0549668,607,
9,Malappuram,Moothedam,Panchyath,11.32568159,76.33196174,608,
9,Malappuram,Morayur,Panchyath,11.13446828,76.01732989,609,
9,Malappuram,Muthuvallur,Panchyath,11.17918064,75.96863507,610,
9,Malappuram,Nannambra,Panchyath,10.99704823,75.91919198,611,
9,Malappuram,Nannamukku,Panchyath,10.72023878,76.02416952,612,
9,Malappuram,Niramaruthur,Panchyath,10.9251863,75.90036525,613,
9,Malappuram,Oorakam,Panchyath,11.06336014,76.01537883,614,
9,Malappuram,Othukkaungal,Panchyath,11.02486103,76.02579554,615,
9,Malappuram,Ozhur,Panchyath,10.9644705,75.90617847,616,
9,Malappuram,Pallikkal,Panchyath,11.13476775,75.91188166,617,
9,Malappuram,Pandikkad,Panchyath,11.09514416,76.2220956,618,
9,Malappuram,Parappur,Panchyath,11.01305293,75.994786,619,
9,Malappuram,Perumanna Klari,Panchyath,10.98232454,75.95837186,620,
9,Malappuram,Perumpadappu,Panchyath,10.70195406,75.98542106,621,
9,Malappuram,Peruvallur,Panchyath,10.55313403,76.09180446,622,
9,Malappuram,Ponmala,Panchyath,11.00132452,76.05627143,623,
9,Malappuram,Ponmundam,Panchyath,10.95363196,75.9444952,624,
9,Malappuram,Pookkottur,Panchyath,11.10511375,76.0590159,625,
9,Malappuram,Porur,Panchyath,11.16525028,76.25685521,626,
9,Malappuram,Pothukal,Panchyath,11.40440176,76.25154905,627,
9,Malappuram,Pulamanthole,Panchyath,10.90191225,76.19148099,628,
9,Malappuram,Pulikkal,Panchyath,11.17149048,75.92215341,629,
9,Malappuram,Pulpatta,Panchyath,11.14819058,76.07925298,630,
9,Malappuram,Purathur,Panchyath,10.81721979,75.92982077,631,
9,Malappuram,Puzhakkattiri,Panchyath,10.97831027,76.15525596,632,
9,Malappuram,Tanalur,Panchyath,10.95159169,75.90987935,633,
9,Malappuram,Thalakkad,Panchyath,10.88847219,75.95193401,634,
9,Malappuram,Thavanur,Panchyath,10.8412189,75.99379139,635,
9,Malappuram,Thazhekode,Panchyath,10.95864159,76.29774894,636,
9,Malappuram,Thenchipalam,Panchyath,11.13580785,75.88955442,637,
9,Malappuram,Thennala,Panchyath,11.00079597,75.93519333,638,
9,Malappuram,Thirunnavaya,Panchyath,10.86585271,75.98407429,639,
9,Malappuram,Thiruvali,Panchyath,11.2001456,76.17875755,640,
9,Malappuram,Thrikkalangode,Panchyath,11.16278017,76.12929453,641,
9,Malappuram,Thuvoor,Panchyath,11.11356101,76.28614333,642,
9,Malappuram,Triprangode,Panchyath,10.85579373,75.94920478,643,
9,Malappuram,Urangattiri,Panchyath,11.24672954,76.04883414,644,
9,Malappuram,Valavannur,Panchyath,10.93969898,75.97538791,645,
9,Malappuram,Vallikkunnu,Panchyath,11.12045058,75.8464877,646,
9,Malappuram,Vattamkulam,Panchyath,10.78537055,76.02614945,647,
9,Malappuram,Vazhakkad,Panchyath,11.24604084,75.95362753,648,
9,Malappuram,Vazhayur,Panchyath,11.20637147,75.87843304,649,
9,Malappuram,Vazhikkadavu,Panchyath,11.38612753,76.34489575,650,
9,Malappuram,Veliyancode,Panchyath,10.73046763,75.94689985,651,
9,Malappuram,Vengara,Panchyath,11.05132435,75.98387466,652,
9,Malappuram,Vettathur,Panchyath,11.01293096,76.30031657,653,
9,Malappuram,Vettom,Panchyath,10.87626917,75.91218414,654,
9,Malappuram,Wandoor,Panchyath,11.1955723,76.23604215,655,
10,Palakkad,Palakkad,Muncipality,10.76110927,76.6577157,656,TRUE
10,Palakkad,Chittur-Tattamangalam,Muncipality,10.68242865,76.70309095,657,
10,Palakkad,Mannarkkad,Muncipality,10.99261724,76.4593064,658,
10,Palakkad,Cherpulassery,Muncipality,10.87949156,76.31543426,659,
10,Palakkad,Ottppalam,Muncipality,10.77302554,76.37833253,660,
10,Palakkad,Shoranur,Muncipality,10.76603137,76.26935189,661,
10,Palakkad,Pattambi,Muncipality,10.80615423,76.18916629,662,
10,Palakkad,Agali,Panchyath,11.10288062,76.65090284,663,
10,Palakkad,Akathethara,Panchyath,10.81628817,76.64411544,664,
10,Palakkad,Alanallur,Panchyath,11.00903646,76.34870885,665,
10,Palakkad,Alathur,Panchyath,10.64563807,76.54581254,666,
10,Palakkad,Ambalapara,Panchyath,10.83292647,76.41156432,667,
10,Palakkad,Anakkara,Panchyath,10.81092318,76.04666597,668,
10,Palakkad,Ananganadi,Panchyath,10.81815122,76.33938865,669,
10,Palakkad,Ongallur,Panchyath,10.80270311,76.2184667,670,
10,Palakkad,Ayilur,Panchyath,10.5773464,76.57067027,671,
10,Palakkad,Chalavara,Panchyath,10.82291659,76.30177001,672,
10,Palakkad,Chalisseri,Panchyath,10.73611213,76.08860485,673,
10,Palakkad,Kuzhalammanam,Panchyath,10.71912736,76.60127045,674,
10,Palakkad,Elappully,Panchyath,10.75777869,76.7505836,675,
10,Palakkad,Elevanchery,Panchyath,10.59709252,76.64449525,676,
10,Palakkad,Erimayur,Panchyath,10.65983832,76.57116656,677,
10,Palakkad,Eruthempathy,Panchyath,10.74773567,76.87413272,678,
10,Palakkad,Kadampazhipuram,Panchyath,10.87326638,76.44869805,679,
10,Palakkad,Kanjirapuzha,Panchyath,10.98964519,76.53391248,680,
10,Palakkad,Kannadi,Panchyath,10.73820478,76.63522966,681,
10,Palakkad,Kannambra,Panchyath,10.61735084,76.46169923,682,
10,Palakkad,Kappur,Panchyath,10.76953066,76.06651443,683,
10,Palakkad,Karakurussi,Panchyath,10.93182703,76.49062514,684,
10,Palakkad,Karimpuzha,Panchyath,10.91835941,76.42333872,685,
10,Palakkad,Kavasseri,Panchyath,10.65688217,76.51858596,686,
10,Palakkad,Keralassery,Panchyath,10.82611068,76.49806488,687,
10,Palakkad,Kizhakkanchery,Panchyath,10.57716821,76.48908958,688,
10,Palakkad,Kodumba,Panchyath,10.75884103,76.68620226,689,
10,Palakkad,Koduvayur,Panchyath,10.68487845,76.65450813,690,
10,Palakkad,Kollengode,Panchyath,10.61245597,76.70383438,691,
10,Palakkad,Kongad,Panchyath,10.85795397,76.51679677,692,
10,Palakkad,Koppam,Panchyath,10.86518297,76.18681536,693,
10,Palakkad,Kottoppadam,Panchyath,10.99726837,76.39199496,694,
10,Palakkad,Kottayi,Panchyath,10.76084839,76.54452624,695,
10,Palakkad,Kozhinjampara,Panchyath,10.74151126,76.83381007,696,
10,Palakkad,Karimba,Panchyath,10.91993083,76.52288858,697,
10,Palakkad,Kulukkallur,Panchyath,10.86399011,76.2320298,698,
10,Palakkad,Kumaramputhur,Panchyath,10.98737894,76.42892366,699,
10,Palakkad,Kuthanur,Panchyath,10.72627658,76.55448749,700,
10,Palakkad,Lakkidi Perur,Panchyath,10.77729681,76.44292699,701,
10,Palakkad,Malampuzha,Panchyath,10.7907485,76.43454435,702,
10,Palakkad,Mankara,Panchyath,10.78674971,76.49672094,703,
10,Palakkad,Mannur,Panchyath,10.80329466,76.46979977,704,
10,Palakkad,Marutharode,Panchyath,10.78432307,76.6752577,705,
10,Palakkad,Mathur,Panchyath,10.74430112,76.57037802,706,
10,Palakkad,Muthuthala,Panchyath,10.83615731,76.16059292,707,
10,Palakkad,Melarcode,Panchyath,10.60729448,76.57717476,708,
10,Palakkad,Mundur,Panchyath,10.83676198,76.58011436,709,
10,Palakkad,Muthalamada,Panchyath,10.63544764,76.79911809,710,
10,Palakkad,Nagalasseri,Panchyath,10.75061098,76.13745077,711,
10,Palakkad,Nalleppilly,Panchyath,10.72965643,76.78314535,712,
10,Palakkad,Nellayi,Panchyath,10.39497491,76.28637527,713,
10,Palakkad,Nelliampathy,Panchyath,10.5353297,76.69368354,714,
10,Palakkad,Nemmara,Panchyath,10.58968159,76.59069486,715,
10,Palakkad,Pallassana,Panchyath,10.63838451,76.65586072,716,
10,Palakkad,Pookkottukavu,Panchyath,10.85623893,76.39583866,717,
10,Palakkad,Parathur,Panchyath,10.84138562,76.11288326,718,
10,Palakkad,Parli,Panchyath,10.79611255,76.5623009,719,
10,Palakkad,Pattithara,Panchyath,10.79213766,76.0932104,720,
10,Palakkad,Pattanchery,Panchyath,10.64919891,76.73431423,721,
10,Palakkad,Perumatty,Panchyath,10.66818341,76.79313686,722,
10,Palakkad,Perungottukurussi,Panchyath,10.75664605,76.49069361,723,
10,Palakkad,Peruvemba,Panchyath,10.69849932,76.68794852,724,
10,Palakkad,Pirayiri,Panchyath,10.76932492,76.6059681,725,
10,Palakkad,Polpully,Panchyath,10.72138505,76.73192643,726,
10,Palakkad,Puducode,Panchyath,10.6378633,76.44962502,727,
10,Palakkad,Pudunagaram,Panchyath,10.68255048,76.68495096,728,
10,Palakkad,Puduppariyarm,Panchyath,10.8087147,76.62718032,729,
10,Palakkad,Pudur,Panchyath,11.1557822,76.64509797,730,
10,Palakkad,Pudusseri,Panchyath,10.79775643,76.76474754,731,
10,Palakkad,Sholayur,Panchyath,11.13705441,76.7082645,732,
10,Palakkad,Sreekrishnapuram,Panchyath,10.90639738,76.41341799,733,
10,Palakkad,Tarur,Panchyath,10.67106702,76.47261685,734,
10,Palakkad,Thachampara,Panchyath,10.95703594,76.5086337,735,
10,Palakkad,Thachanattukara,Panchyath,10.95747697,76.3565018,736,
10,Palakkad,Thenkara,Panchyath,11.01648149,76.49392708,737,
10,Palakkad,Thenkurussi,Panchyath,10.69097932,76.61961545,738,
10,Palakkad,Thirumittacode,Panchyath,10.77927713,76.1819996,739,
10,Palakkad,Thiruvegapura,Panchyath,10.87547085,76.12219971,740,
10,Palakkad,Trikkadiri,Panchyath,10.84015406,76.36576815,741,
10,Palakkad,Thrithala,Panchyath,10.7980294,76.13099936,742,
10,Palakkad,Vadakkanchery,Panchyath,10.66058774,76.2520551,743,
10,Palakkad,Vadakarapathy,Panchyath,10.78309404,76.85344565,744,
10,Palakkad,Vadavannur,Panchyath,10.64181852,76.69195166,745,
10,Palakkad,Vallapuzha,Panchyath,10.84111993,76.25326355,746,
10,Palakkad,Vandazhy,Panchyath,10.57752527,76.52197415,747,
10,Palakkad,Vaniamkulam,Panchyath,10.78204386,76.32848505,748,
10,Palakkad,Vellinezhi,Panchyath,10.89737336,76.34642025,749,
10,Palakkad,Vilayur,Panchyath,10.89607103,76.18901779,750,
11,Pathanamthitta,Pathanamthitta,Municipality,9.261683643,76.78097901,751,TRUE
11,Pathanamthitta,Thiruvalla,Municipality,9.37798742185059,76.5710848798736,752,
11,Pathanamthitta,Adoor,Municipality,9.152789193,76.73312883,753,
11,Pathanamthitta,Pandalam,Municipality,9.224696267,76.67852511,754,
11,Pathanamthitta,Chenneerkara,Panchyath,9.238327151,76.72121993,755,
11,Pathanamthitta,Cherukole,Panchyath,9.340886785,76.75125307,756,
11,Pathanamthitta,Elanthur,Panchyath,9.288602513,76.72797902,757,
11,Pathanamthitta,Kozhencherry,Panchyath,9.33423527,76.70862104,758,
11,Pathanamthitta,Mallapuzhasserry,Panchyath,9.308309621,76.7086428,759,
11,Pathanamthitta,Naranganam,Panchyath,9.325312876,76.74612851,760,
11,Pathanamthitta,Omallur,Panchyath,9.247730494,76.75495138,761,
11,Pathanamthitta,Ayiroor,Panchyath,9.362140774,76.72915934,762,
11,Pathanamthitta,Eraviperoor,Panchyath,9.376354334,76.62027734,763,
11,Pathanamthitta,Ezhumattoor,Panchyath,9.421755702,76.70114841,764,
11,Pathanamthitta,Koipuram,Panchyath,9.343520099,76.65213056,765,
11,Pathanamthitta,Puramattom,Panchyath,9.386327476,76.6568048,766,
11,Pathanamthitta,Thottapuzhasery,Panchyath,9.318321639,76.68379141,767,
11,Pathanamthitta,Aruvappulam,Panchyath,9.155944972,77.12787741,768,
11,Pathanamthitta,Konni,Panchyath,9.226083496,76.84895143,769,
11,Pathanamthitta,Malayalappuzha,Panchyath,9.281889565,76.84408651,770,
11,Pathanamthitta,Mylapra,Panchyath,9.273329912,76.80100611,771,
11,Pathanamthitta,Pramadom,Panchyath,9.247518928,76.78960562,772,
11,Pathanamthitta,Thannithode,Panchyath,9.265265559,76.93311435,773,
11,Pathanamthitta,Vallicode,Panchyath,9.224373865,76.78037512,774,
11,Pathanamthitta,Anicad,Panchyath,9.462904116,76.6668677,775,
11,Pathanamthitta,Kallooppara,Panchyath,9.395545383,76.63531468,776,
11,Pathanamthitta,Kaviyoor,Panchyath,9.400502293,76.61224719,777,
11,Pathanamthitta,Kottanadu,Panchyath,9.40153945,76.7422486,778,
11,Pathanamthitta,Kottangal,Panchyath,9.463243439,76.73676896,779,
11,Pathanamthitta,Kunnamthanam,Panchyath,9.435493631,76.61015514,780,
11,Pathanamthitta,Mallappally,Panchyath,9.449060577,76.66813349,781,
11,Pathanamthitta,Aranmula,Panchyath,9.325636257,76.68466112,782,
11,Pathanamthitta,Kulanada,Panchyath,9.243346737,76.672554,783,
11,Pathanamthitta,Mezhuveli,Panchyath,9.277856324,76.68348661,784,
11,Pathanamthitta,Pandalam-Thekkekkara,Panchyath,9.198820116,76.7232244,785,
11,Pathanamthitta,Thumpamon,Panchyath,9.219688939,76.71294531,786,
11,Pathanamthitta,Kalanjoor,Panchyath,9.121334216,76.85176843,787,
11,Pathanamthitta,Kodumon,Panchyath,9.182999129,76.75930736,788,
11,Pathanamthitta,Enadimangalam,Panchyath,9.119079014,76.81896503,789,
11,Pathanamthitta,Ezhamkulam,Panchyath,9.153154688,76.77291147,790,
11,Pathanamthitta,Erathu,Panchyath,9.1324996,76.73676981,791,
11,Pathanamthitta,Kadampanad,Panchyath,9.096471132,76.68034354,792,
11,Pathanamthitta,Pallickal,Panchyath,9.135312972,76.67072599,793,
11,Pathanamthitta,Kadapara,Panchyath,9.342651996,76.53572089,794,
11,Pathanamthitta,Kuttoor,Panchyath,9.358287595,76.5904141,795,
11,Pathanamthitta,Nedumpram,Panchyath,9.361321675,76.558407,796,
11,Pathanamthitta,Niranam,Panchyath,9.349500508,76.51906709,797,
11,Pathanamthitta,Peringara,Panchyath,9.383293225,76.54482539,798,
11,Pathanamthitta,Chittar,Panchyath,9.328650294,76.91592577,799,
11,Pathanamthitta,Naranammoozhy,Panchyath,9.387260949,76.84285194,800,
11,Pathanamthitta,Ranni,Panchyath,9.387904771,76.78703052,801,
11,Pathanamthitta,Ranni-Angadi,Panchyath,9.383794931,76.77936094,802,
11,Pathanamthitta,Ranni-Pazhavangadi,Panchyath,9.386500549,76.78691154,803,
11,Pathanamthitta,Ranni-Perunad,Panchyath,9.362757423,76.86298381,804,
11,Pathanamthitta,Seethathode,Panchyath,9.325551477,76.96941534,805,
11,Pathanamthitta,Vadasserikkara,Panchyath,9.340014453,76.82911594,806,
11,Pathanamthitta,Vechoochira,Panchyath,9.432001212,76.85212258,807,
12,Thiruvananthapuram,Thiruvananthapuram,Corporation,8.523796464,76.93420499,808,TRUE
12,Thiruvananthapuram,Attingal,Municipality / Taluk,8.69549211,76.81849778,809,
12,Thiruvananthapuram,Nedumangad,Municipality / Taluk,8.607394405,76.99966646,810,
12,Thiruvananthapuram,Neyyattinkara,Municipality / Taluk,8.398759716,77.08153642,811,
12,Thiruvananthapuram,Varkala,Municipality / Taluk,8.742746144,76.71816839,812,
12,Thiruvananthapuram,Kattakkada,Taluk,8.530482245,77.12426164,813,
12,Thiruvananthapuram,Amboori,Panchyath,8.502540231,77.19163652,814,
12,Thiruvananthapuram,Anad,Panchyath,8.633407008,77.0108241,815,
12,Thiruvananthapuram,Anchuthengu,Panchyath,8.670076203,76.75797647,816,
12,Thiruvananthapuram,Andoorkonam,Panchyath,8.601665088,76.87286144,817,
12,Thiruvananthapuram,Aruvikkara,Panchyath,8.57015695,77.02119816,818,
12,Thiruvananthapuram,Aryanad,Panchyath,8.576939738,77.08608377,819,
12,Thiruvananthapuram,Aryancode,Panchyath,8.471257994,77.12816474,820,
12,Thiruvananthapuram,Athiyannoor,Panchyath,8.375395673,77.06294858,821,
12,Thiruvananthapuram,Azhoor,Panchyath,8.644630084,76.80104949,822,
12,Thiruvananthapuram,Balaramapuram,Panchyath,8.430856349,77.0460463,823,
12,Thiruvananthapuram,Chemmaruthy,Panchyath,8.761525033,76.74925025,824,
12,Thiruvananthapuram,Chenkal,Panchyath,8.372122098,77.10149121,825,
12,Thiruvananthapuram,Cherunniyoor,Panchyath,8.723859253,76.7567968,826,
12,Thiruvananthapuram,Chirayinkeezhu,Panchyath,8.660948222,76.7895947,827,
12,Thiruvananthapuram,Edava,Panchyath,8.765436151,76.69695205,828,
12,Thiruvananthapuram,Elakamon,Panchyath,8.773914604,76.72553773,829,
12,Thiruvananthapuram,Kadakkavoor,Panchyath,8.679388314,76.76860729,830,
12,Thiruvananthapuram,Kadinamkulam,Panchyath,8.599969908,76.81841135,831,
12,Thiruvananthapuram,Kallara,Panchyath,8.751079656,76.93961228,832,
12,Thiruvananthapuram,Kallikkadu,Panchyath,8.530562559,77.12449562,833,
13,Thrissur,Thrissur,District / Corporation,10.50327835,76.22942754,834,TRUE
13,Thrissur,Chalakudy,Municipality,10.30897774,76.3326826,835,
13,Thrissur,Chavakkad,Municipality,10.58255339,76.01738149,836,
13,Thrissur,Guruvayoor,Municipality,10.59273913,76.04025577,837,
13,Thrissur,Irinjalakkuda,Municipality,10.35115377,76.20803827,838,
13,Thrissur,Kodungallur,Municipality,10.21903626,76.19603795,839,
13,Thrissur,Kunnamkulam,Municipality,10.65075061,76.06922399,840,
13,Thrissur,Wadakkancherry,Municipality,10.65579651,76.24651123,841,
13,Thrissur,Mukundapuram,Taluk,10.20972184,76.2605452,842,
13,Thrissur,Thalapily,Taluk,10.65928206,76.24640128,843,
13,Thrissur,Adat,Panchyath,10.54548087,76.14711997,844,
13,Thrissur,Alagappanagar,Panchyath,10.43200475,76.27280292,845,
13,Thrissur,Aloor,Panchyath,10.31793177,76.30017577,846,
13,Thrissur,Annamanada,Panchyath,10.24034654,76.32262224,847,
13,Thrissur,Anthikkad,Panchyath,10.45248943,76.11514806,848,
13,Thrissur,Arimbur,Panchyath,10.48878112,76.14868623,849,
13,Thrissur,Athirappilly,Panchyath,10.28519915,76.56975523,850,
13,Thrissur,Avanur,Panchyath,10.5970567,76.17531172,851,
13,Thrissur,Avinissery,Panchyath,10.47107637,76.23427488,852,
13,Thrissur,Chazhur,Panchyath,10.43562877,76.14061833,853,
13,Thrissur,Chelakkara,Panchyath,10.69401986,76.34203289,854,
13,Thrissur,Cherpu,Panchyath,10.43305527,76.20446175,855,
13,Thrissur,Choondal,Panchyath,10.62285907,76.09109397,856,
13,Thrissur,Chowannur,Panchyath,10.65069029,76.07944293,857,
13,Thrissur,Desamangalam,Panchyath,10.74754481,76.23587783,858,
13,Thrissur,Edathiruthy,Panchyath,10.37832166,76.13998592,859,
13,Thrissur,Edavilangu,Panchyath,10.24057541,76.1719573,860,
13,Thrissur,Elavally,Panchyath,10.56923325,76.08977435,861,
13,Thrissur,Engandiyoor,Panchyath,10.50259123,76.06147161,862,
13,Thrissur,Eriyad,Panchyath,10.22286219,76.16400717,863,
13,Thrissur,Erumapetty,Panchyath,10.67802524,76.15716219,864,
13,Thrissur,Kadangode,Panchyath,10.69827715,76.13913416,865,
13,Thrissur,Kadappuram,Panchyath,10.54531579,76.0274504,866,
13,Thrissur,Kadavalloor,Panchyath,10.71876095,76.07040338,867,
13,Thrissur,Kadukutty,Panchyath,10.26445854,76.31348284,868,
13,Thrissur,Kaipamangalam,Panchyath,10.33543838,76.13885884,869,
13,Thrissur,Kaiparambu,Panchyath,10.60464791,76.13632583,870,
13,Thrissur,Kandanassery,Panchyath,10.59898446,76.07592343,871,
13,Thrissur,Karalam,Panchyath,10.40074402,76.18902675,872,
13,Thrissur,Kattakampal,Panchyath,10.69394508,76.03962783,873,
13,Thrissur,Kattoor,Panchyath,10.37440021,76.16593779,874,
13,Thrissur,Kodakara,Panchyath,10.37252931,76.3088357,875,
13,Thrissur,Kodassery,Panchyath,10.34856919,76.37504545,876,
13,Thrissur,Kolazhy,Panchyath,10.57487543,76.21806206,877,
13,Thrissur,Kondazhy,Panchyath,10.71905885,76.39111318,878,
13,Thrissur,Koratty,Panchyath,10.26335453,76.34896919,879,
13,Thrissur,Kuzhur,Panchyath,10.20869887,76.29358323,880,
13,Thrissur,Madakkathara,Panchyath,10.56063753,76.26082404,881,
13,Thrissur,Mala,Panchyath,10.2381822,76.26715957,882,
13,Thrissur,Manalur,Panchyath,10.4861439,76.10302425,883,
13,Thrissur,Mathilakam,Panchyath,10.29122145,76.16665719,884,
13,Thrissur,Mattathur,Panchyath,10.3757543,76.34133326,885,
13,Thrissur,Meloor,Panchyath,10.2994577,76.38030616,886,
13,Thrissur,Mulamkunnathukavu,Panchyath,10.59949496,76.21517534,887,
13,Thrissur,Mullassery,Panchyath,10.53715864,76.08905552,888,
13,Thrissur,Mullurkkara,Panchyath,10.70059117,76.26119763,889,
13,Thrissur,Muriyad,Panchyath,10.36309048,76.26322369,890,
13,Thrissur,Nadathara,Panchyath,10.5048306,76.27013973,891,
13,Thrissur,Nattika,Panchyath,10.42796346,76.09574794,892,
13,Thrissur,Nenmanikkara,Panchyath,10.4369283,76.25244108,893,
13,Thrissur,Orumanayoor,Panchyath,10.55760139,76.03558017,894,
13,Thrissur,Padiyoor,Panchyath,10.30569244,76.17472804,895,
13,Thrissur,Pananchery,Panchyath,10.55825913,76.33158207,896,
13,Thrissur,Panjal,Panchyath,10.72145965,76.30468367,897,
13,Thrissur,Paralam,Panchyath,10.44876163,76.18924878,898,
13,Thrissur,Parappookkara,Panchyath,10.40086031,76.24960186,899,
13,Thrissur,Pariyaram,Panchyath,10.30633395,76.36613714,900,
13,Thrissur,Pavaratty,Panchyath,10.55753569,76.05975485,901,
13,Thrissur,Pazhayannur,Panchyath,10.68383461,76.42247558,902,
13,Thrissur,Perinjanam,Panchyath,10.30839148,76.14707153,903,
13,Thrissur,Poomangalam,Panchyath,10.310548,76.19520544,904,
13,Thrissur,Porkulam,Panchyath,10.67391351,76.07133145,905,
13,Thrissur,Poyya,Panchyath,10.21708479,76.25390792,906,
13,Thrissur,Pudukkad,Panchyath,10.41875151,76.27040871,907,
13,Thrissur,Punnayoor,Panchyath,10.65773922,75.97828007,908,
13,Thrissur,Punnayoorkulam,Panchyath,10.67989867,76.00946394,909,
13,Thrissur,Puthenchira,Panchyath,10.27178574,76.24436604,910,
13,Thrissur,Puthur,Panchyath,10.48561417,76.28027487,911,
13,Thrissur,Sree Narayanapuram,Panchyath,10.27689624,76.17160321,912,
13,Thrissur,Thalikulam,Panchyath,10.44527076,76.09139057,913,
13,Thrissur,Thanniam,Panchyath,10.41406411,76.12186863,914,
13,Thrissur,Thekkumkara,Panchyath,10.27668071,76.2110402,915,
13,Thrissur,Thiruvilwamala,Panchyath,10.72837471,76.42638086,916,
13,Thrissur,Tholur,Panchyath,10.57143141,76.12799645,917,
13,Thrissur,Thrikkur,Panchyath,10.46413614,76.2763979,918,
13,Thrissur,Vadakkekkad,Panchyath,10.66161985,76.01071355,919,
13,Thrissur,Vadanappilly,Panchyath,10.4750294,76.06973269,920,
13,Thrissur,Valappad,Panchyath,10.39937233,76.11644618,921,
13,Thrissur,Vallachira,Panchyath,10.44116765,76.23145437,922,
13,Thrissur,Vallathole Nagar,Panchyath,10.73163291,76.28133437,923,
13,Thrissur,Varantharappilly,Panchyath,10.42556294,76.32987498,924,
13,Thrissur,Varavoor,Panchyath,10.72020052,76.2253998,925,
13,Thrissur,Vellangalur,Panchyath,10.30261115,76.21591596,926,
13,Thrissur,Velookkara,Panchyath,10.31992194,76.21859443,927,
13,Thrissur,Velur,Panchyath,10.6396871,76.16174857,928,
13,Thrissur,Venkitangu,Panchyath,10.52146549,76.10081276,929,
14,Wayanad,Kalpetta,Municipality,11.61031566,76.08279706,930,
14,Wayanad,Mananthavady,Municipality,11.8040224,76.0047301,931,
14,Wayanad,Sulthan Bathery,Municipality,11.66295057,76.25703208,932,
14,Wayanad,Ambalavayal,Panchyath,11.61831355,76.21116528,933,
14,Wayanad,Edavaka,Panchyath,11.7777888,75.97680815,934,
14,Wayanad,Kaniyambetta,Panchyath,11.69500857,76.08074926,935,
14,Wayanad,Kottathara,Panchyath,11.66509138,76.04165611,936,
14,Wayanad,Meenangadi,Panchyath,11.66033588,76.16196225,937,
14,Wayanad,Meppadi,Panchyath,11.55292698,76.13403628,938,
14,Wayanad,Mullankolly,Panchyath,11.81708719,76.16374047,939,
14,Wayanad,Muppainadu,Panchyath,11.5565644,76.22337385,940,
14,Wayanad,Muttil,Panchyath,11.64183212,76.11061111,941,
14,Wayanad,Nenmeni,Panchyath,11.61675144,76.27245615,942,
14,Wayanad,Noolpuzha,Panchyath,11.66864315,76.31376761,943,
14,Wayanad,Padinharathara,Panchyath,11.67887974,75.97501736,944,
14,Wayanad,Panamaram,Panchyath,11.73980373,76.07281145,945,
14,Wayanad,Poothadi,Panchyath,11.72053664,76.12714064,946,
14,Wayanad,Pozhuthana,Panchyath,11.55616341,76.03893577,947,
14,Wayanad,Pulppalli,Panchyath,11.79215068,76.16607434,948,
14,Wayanad,Thariode,Panchyath,11.62844002,75.99059317,949,
14,Wayanad,Thavinhal,Panchyath,11.84169074,75.94801658,950,
14,Wayanad,Thirunelly,Panchyath,11.90835773,75.99627028,951,
14,Wayanad,Thondernadu,Panchyath,11.74424927,75.87404781,952,
14,Wayanad,Vellamunda,Panchyath,11.73365879,75.93644119,953,
14,Wayanad,Vengappalli,Panchyath,11.61063751,76.04565051,954,
14,Wayanad,Vythiri,Panchyath,11.54956901,76.03879686,955,
12,Thiruvananthapuram,Kalliyoor,Panchyath,8.43431716461498,77.0131678564189,956,
12,Thiruvananthapuram,Kanjiramkulam,Panchyath,8.35986530883028,77.0525305255843,957,
12,Thiruvananthapuram,Karakulam,Panchyath,8.5642153570347,76.9856603967498,958,
12,Thiruvananthapuram,Karavaram,Panchyath,8.75151786081382,76.8145425884092,959,
12,Thiruvananthapuram,Karode,Panchyath,8.32208953722608,77.1180611484518,960,
12,Thiruvananthapuram,Karumkulam,Panchyath,8.33768737857131,77.0496710372295,961,
12,Thiruvananthapuram,Kilimanoor,Panchyath,8.7700992548714,76.880945375864,962,
12,Thiruvananthapuram,Kizhuvilam,Panchyath,8.67909248181201,76.8248398390794,963,
12,Thiruvananthapuram,Kollayil,Panchyath,8.39491596639549,7.12679507243118,964,
12,Thiruvananthapuram,Kottukal,Panchyath,8.3881299080082,77.0322008718644,965,
12,Thiruvananthapuram,Kulathoor,Panchyath,8.32727113302092,77.0937678221903,966,
12,Thiruvananthapuram,Kunnathukal,Panchyath,8.39003746770437,77.1617889234584,967,
12,Thiruvananthapuram,Kuttichal,Panchyath,8.56699599518838,77.1017288625411,968,
12,Thiruvananthapuram,Madavoor,Panchyath,8.81388266191382,76.8208788779063,969,
12,Thiruvananthapuram,Malayinkeezhu,Panchyath,8.49018637138334,77.037865467914,970,
12,Thiruvananthapuram,Manamboor,Panchyath,8.74523497850627,76.7921013740553,971,
12,Thiruvananthapuram,Mangalapuram,Panchyath,8.62419897875778,76.8486356544211,972,
12,Thiruvananthapuram,Manickal,Panchyath,8.66023643972551,76.9354504214164,973,
12,Thiruvananthapuram,Maranalloor,Panchyath,8.46923049921571,77.0734618237366,974,
12,Thiruvananthapuram,Mudakkal,Panchyath,8.68707251103116,76.8655871967503,975,
12,Thiruvananthapuram,Nagaroor,Panchyath,8.73434997608038,76.8491310390797,976,
12,Thiruvananthapuram,Nanniyode,Panchyath,8.69970747756789,77.0276401120923,977,
12,Thiruvananthapuram,Navaikulam,Panchyath,8.77520908720686,76.7860343102444,978,
12,Thiruvananthapuram,Nellanad,Panchyath,8.70867176289899,76.917072225586,979,
12,Thiruvananthapuram,Ottasekharamangalam,Panchyath,8.47666467064572,77.1350473255849,980,
12,Thiruvananthapuram,Ottoor,Panchyath,8.73270839373436,76.7809691255861,981,
12,Thiruvananthapuram,Pallichal,Panchyath,8.44669736869646,77.0145418544202,982,
12,Thiruvananthapuram,Pallickal,Panchyath,8.82420620845164,76.8096785250427,983,
12,Thiruvananthapuram,Panavoor,Panchyath,8.66509188021466,76.9841218710528,984,
12,Thiruvananthapuram,Pangode,Panchyath,8.50346285889407,76.982697386404,985,
12,Thiruvananthapuram,Parassala,Panchyath,8.34710614059411,77.1543964703718,986,
12,Thiruvananthapuram,Pazhayakunnummel,Panchyath,8.78560747656319,76.8837805761038,987,
12,Thiruvananthapuram,Peringamala,Panchyath,8.72970460622086,77.0471924493487,988,
12,Thiruvananthapuram,Perumkadavila,Panchyath,8.44090976870097,77.1098814390783,989,
12,Thiruvananthapuram,Poovachal,Panchyath,8.53728229387055,77.0867480832561,990,
12,Thiruvananthapuram,Poovar,Panchyath,8.31832244538108,77.0704474244464,991,
12,Thiruvananthapuram,Pothencode,Panchyath,8.61937378615165,76.8988305102437,992,
12,Thiruvananthapuram,Pulimath,Panchyath,8.74709439320805,76.8936758582177,993,
12,Thiruvananthapuram,Pullampara,Panchyath,8.69841931252227,76.9405832154046,994,
12,Thiruvananthapuram,Thirupuram,Panchyath,8.35364244580851,77.0781411755599,995,
12,Thiruvananthapuram,Tholicode,Panchyath,8.64520007992398,77.0551288967502,996,
12,Thiruvananthapuram,Uzhamalakkal,Panchyath,8.59745366519464,77.0532331909196,997,
12,Thiruvananthapuram,Vakkom,Panchyath,8.68935319682325,76.7641105042616,998,
12,Thiruvananthapuram,Vamanapuram,Panchyath,8.71521507887591,76.9015945679151,999,
12,Thiruvananthapuram,Vellanad,Panchyath,8.56404677543334,77.0544227255854,1000,
12,Thiruvananthapuram,Vellarada,Panchyath,8.44524890643431,77.1946171967493,1001,
12,Thiruvananthapuram,Vembayam,Panchyath,8.63722207948064,76.9361444544211,1002,
12,Thiruvananthapuram,Venganoor,Panchyath,8.39482014669099,77.004883696749,1003,
12,Thiruvananthapuram,Vettoor,Panchyath,8.72018654363164,76.7236455561247,1004,
12,Thiruvananthapuram,Vilappil,Panchyath,8.52216069388111,77.0399931390787,1005,
12,Thiruvananthapuram,Vilavoorkal,Panchyath,8.48084035935555,77.0219867967494,1006,
12,Thiruvananthapuram,Vithura,Panchyath,8.67073238756146,77.0835550679148,1007,
6,Kollam,East Kallada,Panchyath,9.00770359702311,76.64990261,1008,
2,Ernakulam,Aikkaranadu,Panchyath,10.0006707677317,76.4578932933108,1009,
2,Ernakulam,Asamannur,Panchyath,10.1100493970195,76.5522652954654,1010,
2,Ernakulam,Chellanam,Panchyath,9.85151247633112,76.2671940494388,1011,
2,Ernakulam,Edavanakkadu,Panchyath,10.0944845812053,76.2067101831281,1012,
2,Ernakulam,Elamkunnappuzha,Panchyath,10.0306883791502,76.2219562075484,1013,
2,Ernakulam,Kadamakkudi,Panchyath,10.0525330717096,76.2611933434443,1014,
2,Ernakulam,Kadungalloor,Panchyath,10.09609402148,76.3175765586385,1015,
2,Ernakulam,Kizhakkambalam,Panchyath,10.0368404110817,76.407124883264,1016,
2,Ernakulam,Kumbalangi,Panchyath,9.88287268423509,76.2868990115529,1017,
2,Ernakulam,Kunnathunadu,Panchyath,10.0246956309703,76.4034972586807,1018,
2,Ernakulam,Kuvappady,Panchyath,10.1554198309571,76.4834643717686,1019,
2,Ernakulam,Kuzhuppilli,Panchyath,10.1115610263437,76.2024652210665,1020,
2,Ernakulam,Mazhuvannur,Panchyath,10.0349385340267,76.5024196255931,1021,
2,Ernakulam,Mudakkuzha,Panchyath,10.1246022957367,76.5264084716193,1022,
2,Ernakulam,Mulavukadu,Panchyath,10.0046012928556,76.2622018949092,1023,
2,Ernakulam,Narayambalam,Panchyath,10.0670491051574,76.2127436269466,1024,
2,Ernakulam,Njarakkal,Panchyath,10.0377825090537,76.2198275139378,1025,
2,Ernakulam,Okkal,Panchyath,10.1534048711249,76.4496309967583,1026,
2,Ernakulam,Pallippuram,Panchyath,10.1630135203723,76.1833896641227,1027,
2,Ernakulam,Perumbavoor,Muncipality,10.1146736335699,76.4777976316376,1028,
2,Ernakulam,Poothrikka,Panchyath,9.9507550680548,760.455140007283,1029,
2,Ernakulam,Rayamangalam,Panchyath,10.085009177439,76.5196780478384,1030,
2,Ernakulam,Thiruvaniyoor,Panchyath,9.93396763281252,76.4254830734664,1031,
2,Ernakulam,Vadavukodu- Puthankurisu,Panchyath,9.98535032550295,76.4287358679218,1032,
2,Ernakulam,Vazhakkulam,Panchyath,9.94559538092598,76.6368788168646,1033,
2,Ernakulam,Vengola,Panchyath,10.0830355407195,76.4657018376768,1034,
2,Ernakulam,Vengoor,Panchyath,10.1457567767917,76.5396877494401,1035,
9,Malappuram,Tanur,Municipality,10.9820555267897,75.87535445,1036,
9,Malappuram,Thiroorangadi,Municipality,11.0428825949775,75.92737737,1037,
9,Malappuram,Tirur,Municipality,10.914651326,75.9220929730907,1038,
9,Malappuram,Valancherry,Municipality,10.8878300434468,76.073048,1039,
4,Kannur,Mattannur,Municipality,11.93082205,75.572360898,1040,
14,Wayanad,Wayanad,Municipality,11.61031566,76.08279706,1052,TRUE
1,Alappuzha,Kuttanad (Ho: Mankombu),Taluk,9.4403462044,76.424074111,1053,
4,Kannur,Thaliparamba,Municipality,12.036762552,75.359587214,1054,
4,Kannur,Pallikkunnu,Panchayat,11.8894197955485,75.3620061461091,1059,
10,Palakkad,Pathirippala,Town,10.7794333793176,76.471041673711,1060,
11,Pathanamthitta,Murinjakal,Town,9.1630584453791,76.8556662457444,1061,
9,Malappuram,Chemmad,Town,11.0449926470792,75.910938149722,1062,
1,Alappuzha,Ambalappuzha,Town,9.37869429064937,76.3628322518712,1063,
13,Thrissur,Mundur,Town,10.5911191074528,76.1537532607982,1064,
7,Kottayam,Nattakom,Town,9.55570419933866,76.5115764666519,1066,
1,Alappuzha,Mannancherry,Town,9.5675115348951,76.3466035395649,1067,
3,Idukki,Adimali,Town,10.0116291832189,76.9528054720715,1068,
4,Kannur,Elayavoor,Town,11.8805766675739,75.4012949903255,1069,
4,Kannur,Iriveri,Town,11.8694618066061,75.4671139205566,1070,
1,Alappuzha,Punnapra,Town,9.4399290826095,76.3433080890794,1071,
10,Palakkad,Attappadi,Town,11.0693694707423,76.5679669035349,1072,
1,Alappuzha,Kanichukulangara,Town,9.62788895292107,76.3248003698446,1073,
1,Alappuzha,Paravoor,Town,9.46193867724765,76.3443549110806,1074,
13,Thrissur,Kunnathangadi,Town,10.4977559808821,76.1578091717938,1075,
10,Palakkad,Kalladikode,Town,10.8961525474892,76.5379853688709,1076,
7,Kottayam,Thottakkad,Town,9.52954872986856,76.6024706087971,1077,
7,Kottayam,Kurisummoodu,Town,9.75187584583069,76.5123163780667,1078,
12,Thiruvananthapuram,Peringammala,Town,8.41778052697744,77.0199104334003,1079,
